Workbook

Sheet Codes
A1: Codes: | B1: Preprocessors: | C1: Degradation: | D1: Edge Detector:
A2: 0 | B2: None | C2: None | D2: Sobel
A3: 1 | B3: Gaussian Smoothing | C3: Gaussian Noise | D3: Prewitt
A4: 2 | B4: Median Filtering | C4: Salt and Pepper Noise | D4: LoG
A5: 3 | B5: Bilateral Filtering | C5: Blur | D5: Canny
A6: 4 | B6: Histogram Equalization | C6: Reduce Illumination
A7: 5 | B7: CLAHE

Sheet Data
A1: Code: | B1: Metric: | C1: Mean: | D1: Median: | E1: Std: | F1: Min: | G1: Max: | I1: Code | J1: Metric | K1: Mean | L1: Median | M1: Std | N1: Min | O1: Max | Q1: Code | R1: Metric | S1: Mean | T1: Median | U1: Std | V1: Min | W1: Max | Y1: Code | Z1: Metric | AA1: Mean | AB1: Median | AC1: Std | AD1: Min | AE1: Max
A2: 0 | B2: IoU | C2: 0.1981 | D2: 0.2321 | E2: 0.0845 | F2: 0 | G2: 0.6069 | I2: 1 | J2: IoU | K2: 0.1979 | L2: 0.2315 | M2: 0.0848 | N2: 0 | O2: 0.6088 | Q2: 2 | R2: IoU | S2: 0.2244 | T2: 0.241 | U2: 0.0571 | V2: 0 | W2: 0.6195 | Y2: 3 | Z2: IoU | AA2: 0.2456 | AB2: 0.2425 | AC2: 0.0149 | AD2: 0.2314 | AE2: 0.3532
A3: 0 | B3: Precision | C3: 0.2555 | D3: 0.2436 | E3: 0.0671 | F3: 0 | G3: 1 | I3: 1 | J3: Precision | K3: 0.2556 | L3: 0.2438 | M3: 0.0677 | N3: 0 | O3: 1 | Q3: 2 | R3: Precision | S3: 0.2491 | T3: 0.2424 | U3: 0.0467 | V3: 0 | W3: 0.9881 | Y3: 3 | Z3: Precision | AA3: 0.2456 | AB3: 0.2425 | AC3: 0.0149 | AD3: 0.2314 | AE3: 0.3532
A4: 0 | B4: Recall | C4: 0.6443 | D4: 0.8316 | E4: 0.3611 | F4: 0 | G4: 1 | I4: 1 | J4: Recall | K4: 0.6413 | L4: 0.8242 | M4: 0.3605 | N4: 0 | O4: 1 | Q4: 2 | R4: Recall | S4: 0.8497 | T4: 0.9996 | U4: 0.2982 | V4: 0 | W4: 1 | Y4: 3 | Z4: Recall | AA4: 1 | AB4: 1 | AC4: 0 | AD4: 1 | AE4: 1
A5: 0 | B5: F1 | C5: 0.3219 | D5: 0.3768 | E5: 0.1248 | F5: 0 | G5: 0.7554 | I5: 1 | J5: F1 | K5: 0.3215 | L5: 0.3759 | M5: 0.1252 | N5: 0 | O5: 0.7568 | Q5: 2 | R5: F1 | S5: 0.3626 | T5: 0.3884 | U5: 0.0837 | V5: 0 | W5: 0.765 | Y5: 3 | Z5: F1 | AA5: 0.3941 | AB5: 0.3903 | AC5: 0.0184 | AD5: 0.3759 | AE5: 0.5221
A6: 10 | B6: IoU | C6: 0.2442 | D6: 0.2422 | E6: 0.0254 | F6: 0.0004 | G6: 0.5389 | I6: 11 | J6: IoU | K6: 0.2443 | L6: 0.2422 | M6: 0.0259 | N6: 0 | O6: 0.5432 | Q6: 12 | R6: IoU | S6: 0.2444 | T6: 0.2421 | U6: 0.0245 | V6: 0.0012 | W6: 0.5826 | Y6: 13 | Z6: IoU | AA6: 0.2456 | AB6: 0.2425 | AC6: 0.0149 | AD6: 0.2314 | AE6: 0.3532
A7: 10 | B7: Precision | C7: 0.2476 | D7: 0.2425 | E7: 0.0363 | F7: 0.0059 | G7: 0.9792 | I7: 11 | J7: Precision | K7: 0.2479 | L7: 0.2425 | M7: 0.0372 | N7: 0 | O7: 0.9864 | Q7: 12 | R7: Precision | S7: 0.2468 | T7: 0.2423 | U7: 0.0278 | V7: 0.01 | W7: 0.7842 | Y7: 13 | Z7: Precision | AA7: 0.2456 | AB7: 0.2425 | AC7: 0.0149 | AD7: 0.2314 | AE7: 0.3532
A8: 10 | B8: Recall | C8: 0.9844 | D8: 0.9978 | E8: 0.1003 | F8: 0.0005 | G8: 1 | I8: 11 | J8: Recall | K8: 0.9839 | L8: 0.9984 | M8: 0.1041 | N8: 0 | O8: 1 | Q8: 12 | R8: Recall | S8: 0.9856 | T8: 0.9971 | U8: 0.0878 | V8: 0.0014 | W8: 1 | Y8: 13 | Z8: Recall | AA8: 1 | AB8: 1 | AC8: 0 | AD8: 1 | AE8: 1
A9: 10 | B9: F1 | C9: 0.3918 | D9: 0.39 | E9: 0.0351 | F9: 0.0009 | G9: 0.7003 | I9: 11 | J9: F1 | K9: 0.3919 | L9: 0.39 | M9: 0.0357 | N9: 0 | O9: 0.704 | Q9: 12 | R9: F1 | S9: 0.3922 | T9: 0.3899 | U9: 0.0327 | V9: 0.0025 | W9: 0.7363 | Y9: 13 | Z9: F1 | AA9: 0.3941 | AB9: 0.3903 | AC9: 0.0184 | AD9: 0.3759 | AE9: 0.5221
A10: 20 | B10: IoU | C10: 0.2323 | D10: 0.2314 | E10: 0.0196 | F10: 0.1754 | G10: 0.3805 | I10: 21 | J10: IoU | K10: 0.2324 | L10: 0.2319 | M10: 0.0194 | N10: 0.1744 | O10: 0.3842 | Q10: 22 | R10: IoU | S10: 0.2237 | T10: 0.2225 | U10: 0.019 | V10: 0.1742 | W10: 0.4518 | Y10: 23 | Z10: IoU | AA10: 0.2456 | AB10: 0.2425 | AC10: 0.0149 | AD10: 0.2314 | AE10: 0.3532
A11: 20 | B11: Precision | C11: 0.2457 | D11: 0.2424 | E11: 0.0191 | F11: 0.2 | G11: 0.4032 | I11: 21 | J11: Precision | K11: 0.2456 | L11: 0.2425 | M11: 0.0185 | N11: 0.2001 | O11: 0.4063 | Q11: 22 | R11: Precision | S11: 0.2458 | T11: 0.2424 | U11: 0.0203 | V11: 0.2017 | W11: 0.4916 | Y11: 23 | Z11: Precision | AA11: 0.2456 | AB11: 0.2425 | AC11: 0.0149 | AD11: 0.2314 | AE11: 0.3532
A12: 20 | B12: Recall | C12: 0.8169 | D12: 0.8645 | E12: 0.0917 | F12: 0.5453 | G12: 0.9301 | I12: 21 | J12: Recall | K12: 0.8193 | L12: 0.8677 | M12: 0.0932 | N12: 0.4938 | O12: 0.9355 | Q12: 22 | R12: Recall | S12: 0.7176 | T12: 0.7331 | U12: 0.0657 | V12: 0.3869 | W12: 0.8706 | Y12: 23 | Z12: Recall | AA12: 1 | AB12: 1 | AC12: 0 | AD12: 1 | AE12: 1
A13: 20 | B13: F1 | C13: 0.3766 | D13: 0.3759 | E13: 0.0251 | F13: 0.2985 | G13: 0.5513 | I13: 21 | J13: F1 | K13: 0.3768 | L13: 0.3764 | M13: 0.0249 | N13: 0.2971 | O13: 0.5551 | Q13: 22 | R13: F1 | S13: 0.3653 | T13: 0.3639 | U13: 0.0244 | V13: 0.2968 | W13: 0.6224 | Y13: 23 | Z13: F1 | AA13: 0.3941 | AB13: 0.3903 | AC13: 0.0184 | AD13: 0.3759 | AE13: 0.5221
... A121: 540 | B121: F1 | C121: 0.3495 | D121: 0.3803 | E121: 0.097 | F121: 0 | G121: 0.7215 | I121: 541 | J121: F1 | K121: 0.3487 | L121: 0.3797 | M121: 0.098 | N121: 0 | O121: 0.7222 | Q121: 542 | R121: F1 | S121: 0.3791 | T121: 0.3889 | U121: 0.0577 | V121: 0 | W121: 0.7242 | Y121: 543 | Z121: F1 | AA121: 0.3941 | AB121: 0.3903 | AC121: 0.0184 | AD121: 0.3759 | AE121: 0.5221

Sheet Analytics
A1: Averages | B1: IoU | C1: Precision | D1: Recall | E1: F1
A2: Sobel | B2: {=(AVERAGE(IF(MOD(ROW(Data!C2:C121)-MIN(ROW(Data!C2:C121)),4)=0,Data!C2:C121)))} -> 0.22060667 | C2: {=(AVERAGE(IF(MOD(ROW(Data!C3:C121)-MIN(ROW(Data!C3:C121)),4)=0,Data!C3:C121)))} -> 0.25206 | D2: {=(AVERAGE(IF(MOD(ROW(Data!C4:C121)-MIN(ROW(Data!C4:C121)),4)=0,Data!C4:C121)))} -> 0.76034 | E2: {=(AVERAGE(IF(MOD(ROW(Data!C5:C121)-MIN(ROW(Data!C5:C121)),4)=0,Data!C5:C121)))} -> 0.35636333
A3: Prewitt | B3: {=(AVERAGE(IF(MOD(ROW(Data!K2:K121)-MIN(ROW(Data!K2:K121)),4)=0,Data!K2:K121)))} -> 0.22049667 | C3: {=(AVERAGE(IF(MOD(ROW(Data!K3:K121)-MIN(ROW(Data!K3:K121)),4)=0,Data!K3:K121)))} -> 0.2522 | D3: {=(AVERAGE(IF(MOD(ROW(Data!K4:K121)-MIN(ROW(Data!K4:K121)),4)=0,Data!K4:K121)))} -> 0.75841667 | E3: {=(AVERAGE(IF(MOD(ROW(Data!K5:K121)-MIN(ROW(Data!K5:K121)),4)=0,Data!K5:K121)))} -> 0.35617667
A4: LoG | B4: {=(AVERAGE(IF(MOD(ROW(Data!S2:S121)-MIN(ROW(Data!S2:S121)),4)=0,Data!S2:S121)))} -> 0.23393333 | C4: {=(AVERAGE(IF(MOD(ROW(Data!S3:S121)-MIN(ROW(Data!S3:S121)),4)=0,Data!S3:S121)))} -> 0.24681333 | D4: {=(AVERAGE(IF(MOD(ROW(Data!S4:S121)-MIN(ROW(Data!S4:S121)),4)=0,Data!S4:S121)))} -> 0.88785333 | E4: {=(AVERAGE(IF(MOD(ROW(Data!S5:S121)-MIN(ROW(Data!S5:S121)),4)=0,Data!S5:S121)))} -> 0.37745667
A5: Canny | B5: {=(AVERAGE(IF(MOD(ROW(Data!AA2:AA121)-MIN(ROW(Data!AA2:AA121)),4)=0,Data!AA2:AA121)))} -> 0.2456 | C5: {=(AVERAGE(IF(MOD(ROW(Data!AA3:AA121)-MIN(ROW(Data!AA3:AA121)),4)=0,Data!AA3:AA121)))} -> 0.2456 | D5: {=(AVERAGE(IF(MOD(ROW(Data!AA4:AA121)-MIN(ROW(Data!AA4:AA121)),4)=0,Data!AA4:AA121)))} -> 1 | E5: {=(AVERAGE(IF(MOD(ROW(Data!AA5:AA121)-MIN(ROW(Data!AA5:AA121)),4)=0,Data!AA5:AA121)))} -> 0.3941
A7: Maximums | B7: IoU | C7: Precision | D7: Recall | E7: F1
A8: Sobel | B8: {=(MAX(IF(MOD(ROW(Data!C2:C121)-MIN(ROW(Data!C2:C121)),4)=0,Data!C2:C121)))} -> 0.2459 | C8: {=(MAX(IF(MOD(ROW(Data!C3:C121)-MIN(ROW(Data!C3:C121)),4)=0,Data!C3:C121)))} -> 0.2631 | D8: {=(MAX(IF(MOD(ROW(Data!C4:C121)-MIN(ROW(Data!C4:C121)),4)=0,Data!C4:C121)))} -> 0.997 | E8: {=(MAX(IF(MOD(ROW(Data!C5:C121)-MIN(ROW(Data!C5:C121)),4)=0,Data!C5:C121)))} -> 0.3945
A9: Prewitt | B9: {=(MAX(IF(MOD(ROW(Data!K2:K121)-MIN(ROW(Data!K2:K121)),4)=0,Data!K2:K121)))} -> 0.2459 | C9: {=(MAX(IF(MOD(ROW(Data!K3:K121)-MIN(ROW(Data!K3:K121)),4)=0,Data!K3:K121)))} -> 0.2632 | D9: {=(MAX(IF(MOD(ROW(Data!K4:K121)-MIN(ROW(Data!K4:K121)),4)=0,Data!K4:K121)))} -> 0.9975 | E9: {=(MAX(IF(MOD(ROW(Data!K5:K121)-MIN(ROW(Data!K5:K121)),4)=0,Data!K5:K121)))} -> 0.3945
A10: LoG | B10: {=(MAX(IF(MOD(ROW(Data!S2:S121)-MIN(ROW(Data!S2:S121)),4)=0,Data!S2:S121)))} -> 0.2456 | C10: {=(MAX(IF(MOD(ROW(Data!S3:S121)-MIN(ROW(Data!S3:S121)),4)=0,Data!S3:S121)))} -> 0.2502 | D10: {=(MAX(IF(MOD(ROW(Data!S4:S121)-MIN(ROW(Data!S4:S121)),4)=0,Data!S4:S121)))} -> 0.9969 | E10: {=(MAX(IF(MOD(ROW(Data!S5:S121)-MIN(ROW(Data!S5:S121)),4)=0,Data!S5:S121)))} -> 0.3941
A11: Canny | B11: {=(MAX(IF(MOD(ROW(Data!AA2:AA121)-MIN(ROW(Data!AA2:AA121)),4)=0,Data!AA2:AA121)))} -> 0.2456 | C11: {=(MAX(IF(MOD(ROW(Data!AA3:AA121)-MIN(ROW(Data!AA3:AA121)),4)=0,Data!AA3:AA121)))} -> 0.2456 | D11: {=(MAX(IF(MOD(ROW(Data!AA4:AA121)-MIN(ROW(Data!AA4:AA121)),4)=0,Data!AA4:AA121)))} -> 1 | E11: {=(MAX(IF(MOD(ROW(Data!AA5:AA121)-MIN(ROW(Data!AA5:AA121)),4)=0,Data!AA5:AA121)))} -> 0.3941
A13: Minimums | B13: IoU | C13: Precision | D13: Recall | E13: F1
A14: Sobel | B14: {=(MIN(IF(MOD(ROW(Data!C2:C121)-MIN(ROW(Data!C2:C121)),4)=0,Data!C2:C121)))} -> 0.1908 | C14: {=(MIN(IF(MOD(ROW(Data!C3:C121)-MIN(ROW(Data!C3:C121)),4)=0,Data!C3:C121)))} -> 0.2392 | D14: {=(MIN(IF(MOD(ROW(Data!C4:C121)-MIN(ROW(Data!C4:C121)),4)=0,Data!C4:C121)))} -> 0.611 | E14: {=(MIN(IF(MOD(ROW(Data!C5:C121)-MIN(ROW(Data!C5:C121)),4)=0,Data!C5:C121)))} -> 0.3097
A15: Prewitt | B15: {=(MIN(IF(MOD(ROW(Data!K2:K121)-MIN(ROW(Data!K2:K121)),4)=0,Data!K2:K121)))} -> 0.1912 | C15: {=(MIN(IF(MOD(ROW(Data!K3:K121)-MIN(ROW(Data!K3:K121)),4)=0,Data!K3:K121)))} -> 0.2398 | D15: {=(MIN(IF(MOD(ROW(Data!K4:K121)-MIN(ROW(Data!K4:K121)),4)=0,Data!K4:K121)))} -> 0.6077 | E15: {=(MIN(IF(MOD(ROW(Data!K5:K121)-MIN(ROW(Data!K5:K121)),4)=0,Data!K5:K121)))} -> 0.3101
A16: LoG | B16: {=(MIN(IF(MOD(ROW(Data!S2:S121)-MIN(ROW(Data!S2:S121)),4)=0,Data!S2:S121)))} -> 0.1998 | C16: {=(MIN(IF(MOD(ROW(Data!S3:S121)-MIN(ROW(Data!S3:S121)),4)=0,Data!S3:S121)))} -> 0.2394 | D16: {=(MIN(IF(MOD(ROW(Data!S4:S121)-MIN(ROW(Data!S4:S121)),4)=0,Data!S4:S121)))} -> 0.6854 | E16: {=(MIN(IF(MOD(ROW(Data!S5:S121)-MIN(ROW(Data!S5:S121)),4)=0,Data!S5:S121)))} -> 0.3262
A17: Canny | B17: {=(MIN(IF(MOD(ROW(Data!AA2:AA121)-MIN(ROW(Data!AA2:AA121)),4)=0,Data!AA2:AA121)))} -> 0.2456 | C17: {=(MIN(IF(MOD(ROW(Data!AA3:AA121)-MIN(ROW(Data!AA3:AA121)),4)=0,Data!AA3:AA121)))} -> 0.2456 | D17: {=(MIN(IF(MOD(ROW(Data!AA4:AA121)-MIN(ROW(Data!AA4:AA121)),4)=0,Data!AA4:AA121)))} -> 1 | E17: {=(MIN(IF(MOD(ROW(Data!AA5:AA121)-MIN(ROW(Data!AA5:AA121)),4)=0,Data!AA5:AA121)))} -> 0.3941
A19: Where Maximums | B19: Sobel | C19: Prewitt | D19: LoG | E19: Canny | F19: Canny Count | G19: Does this match other Canny metrics?
A20: IoU | B20: {=_xlfn.TEXTJOIN(", ", TRUE, _xlfn.UNIQUE(_xlfn._xlws.FILTER(Data!A:A, Data!C:C=B8)))} -> 110 | C20: {=_xlfn.TEXTJOIN(", ", TRUE, _xlfn.UNIQUE(_xlfn._xlws.FILTER(Data!I:I, Data!K:K=B9)))} -> 111 | D20: {=_xlfn.TEXTJOIN(", ", TRUE, _xlfn.UNIQUE(_xlfn._xlws.FILTER(Data!Q:Q, Data!S:S=B10)))} -> 112, 142 | E20: {=_xlfn.TEXTJOIN(", ", TRUE, _xlfn.UNIQUE(_xlfn._xlws.FILTER(Data!Y:Y, Data!AA:AA=B11)))} -> 3, 13, 23, 33, 43, 103, 113, 123, 133, 143, 203, 213, 223, 233, 243, 303, 313, 323, 333, 343, 403, 413, 423, 433, 443, 503, 513, 523, 533, 543 | F20: {=COUNT(_xlfn.UNIQUE(_xlfn._xlws.FILTER(Data!Y:Y, Data!AA:AA=B11)))} -> 30 | G20: =EXACT(E20,E21) -> TRUE
A21: Precision | B21: {=_xlfn.TEXTJOIN(", ", TRUE, _xlfn.UNIQUE(_xlfn._xlws.FILTER(Data!A:A, Data!C:C=C8)))} -> 530 | C21: {=_xlfn.TEXTJOIN(", ", TRUE, _xlfn.UNIQUE(_xlfn._xlws.FILTER(Data!I:I, Data!K:K=C9)))} -> 531 | D21: {=_xlfn.TEXTJOIN(", ", TRUE, _xlfn.UNIQUE(_xlfn._xlws.FILTER(Data!Q:Q, Data!S:S=C10)))} -> 242 | E21: {=_xlfn.TEXTJOIN(", ", TRUE, _xlfn.UNIQUE(_xlfn._xlws.FILTER(Data!Y:Y, Data!AA:AA=C11)))} -> 3, 13, 23, 33, 43, 103, 113, 123, 133, 143, 203, 213, 223, 233, 243, 303, 313, 323, 333, 343, 403, 413, 423, 433, 443, 503, 513, 523, 533, 543 | F21: {=COUNT(_xlfn.UNIQUE(_xlfn._xlws.FILTER(Data!Y:Y, Data!AA:AA=C11)))} -> 30 | G21: =EXACT(E21,E22) -> TRUE
A22: Recall | B22: {=_xlfn.TEXTJOIN(", ", TRUE, _xlfn.UNIQUE(_xlfn._xlws.FILTER(Data!A:A, Data!C:C=D8)))} -> 110 | C22: {=_xlfn.TEXTJOIN(", ", TRUE, _xlfn.UNIQUE(_xlfn._xlws.FILTER(Data!I:I, Data!K:K=D9)))} -> 111 | D22: {=_xlfn.TEXTJOIN(", ", TRUE, _xlfn.UNIQUE(_xlfn._xlws.FILTER(Data!Q:Q, Data!S:S=D10)))} -> 112 | E22: {=_xlfn.TEXTJOIN(", ", TRUE, _xlfn.UNIQUE(_xlfn._xlws.FILTER(Data!Y:Y, Data!AA:AA=D11)))} -> 3, 13, 23, 33, 43, 103, 113, 123, 133, 143, 203, 213, 223, 233, 243, 303, 313, 323, 333, 343, 403, 413, 423, 433, 443, 503, 513, 523, 533, 543 | F22: {=COUNT(_xlfn.UNIQUE(_xlfn._xlws.FILTER(Data!Y:Y, Data!AA:AA=D11)))} -> 30 | G22: =EXACT(E22,E23) -> TRUE
A23: F1 | B23: {=_xlfn.TEXTJOIN(", ", TRUE, _xlfn.UNIQUE(_xlfn._xlws.FILTER(Data!A:A, Data!C:C=E8)))} -> 110 | C23: {=_xlfn.TEXTJOIN(", ", TRUE, _xlfn.UNIQUE(_xlfn._xlws.FILTER(Data!I:I, Data!K:K=E9)))} -> 111 | D23: {=_xlfn.TEXTJOIN(", ", TRUE, _xlfn.UNIQUE(_xlfn._xlws.FILTER(Data!Q:Q, Data!S:S=E10)))} -> 112 | E23: {=_xlfn.TEXTJOIN(", ", TRUE, _xlfn.UNIQUE(_xlfn._xlws.FILTER(Data!Y:Y, Data!AA:AA=E11)))} -> 3, 13, 23, 33, 43, 103, 113, 123, 133, 143, 203, 213, 223, 233, 243, 303, 313, 323, 333, 343, 403, 413, 423, 433, 443, 503, 513, 523, 533, 543 | F23: {=COUNT(_xlfn.UNIQUE(_xlfn._xlws.FILTER(Data!Y:Y, Data!AA:AA=E11)))} -> 30 | G23: =EXACT(E20,E23) -> TRUE
A25: Where Minimums | B25: Sobel | C25: Prewitt | D25: LoG
A26: IoU | B26: {=_xlfn.TEXTJOIN(", ", TRUE, _xlfn.UNIQUE(_xlfn._xlws.FILTER(Data!A:A, Data!C:C=B14)))} -> 400 | C26: {=_xlfn.TEXTJOIN(", ", TRUE, _xlfn.UNIQUE(_xlfn._xlws.FILTER(Data!I:I, Data!K:K=B15)))} -> 401 | D26: {=_xlfn.TEXTJOIN(", ", TRUE, _xlfn.UNIQUE(_xlfn._xlws.FILTER(Data!Q:Q, Data!S:S=B16)))} -> 402 | E26: .
A27: Precision | B27: {=_xlfn.TEXTJOIN(", ", TRUE, _xlfn.UNIQUE(_xlfn._xlws.FILTER(Data!A:A, Data!C:C=C14)))} -> 400 | C27: {=_xlfn.TEXTJOIN(", ", TRUE, _xlfn.UNIQUE(_xlfn._xlws.FILTER(Data!I:I, Data!K:K=C15)))} -> 401 | D27: {=_xlfn.TEXTJOIN(", ", TRUE, _xlfn.UNIQUE(_xlfn._xlws.FILTER(Data!Q:Q, Data!S:S=C16)))} -> 402 | E27: .
A28: Recall | B28: {=_xlfn.TEXTJOIN(", ", TRUE, _xlfn.UNIQUE(_xlfn._xlws.FILTER(Data!A:A, Data!C:C=D14)))} -> 300 | C28: {=_xlfn.TEXTJOIN(", ", TRUE, _xlfn.UNIQUE(_xlfn._xlws.FILTER(Data!I:I, Data!K:K=D15)))} -> 301 | D28: {=_xlfn.TEXTJOIN(", ", TRUE, _xlfn.UNIQUE(_xlfn._xlws.FILTER(Data!Q:Q, Data!S:S=D16)))} -> 402 | E28: .
A29: F1 | B29: {=_xlfn.TEXTJOIN(", ", TRUE, _xlfn.UNIQUE(_xlfn._xlws.FILTER(Data!A:A, Data!C:C=E14)))} -> 300 | C29: {=_xlfn.TEXTJOIN(", ", TRUE, _xlfn.UNIQUE(_xlfn._xlws.FILTER(Data!I:I, Data!K:K=E15)))} -> 301 | D29: {=_xlfn.TEXTJOIN(", ", TRUE, _xlfn.UNIQUE(_xlfn._xlws.FILTER(Data!Q:Q, Data!S:S=E16)))} -> 402 | E29: .
